-- Oracle Sample Data Script
-- Converted from PostgreSQL to Oracle

-- Insert sample users
INSERT INTO SOCIAL_UD.SOCIAL_USER (USER_ID, USER_NAME, USER_LAST_NAME, USER_UNIQUE_NAME, REGISTRATION_DATE, EMAIL, PHONE, LOCATION_CODE)
VALUES ('00001', 'Juan', 'Pérez', '00001', CURRENT_TIMESTAMP, 'juan.perez@email.com', '3001234567', '0003');

INSERT INTO SOCIAL_UD.SOCIAL_USER (USER_ID, USER_NAME, USER_LAST_NAME, USER_UNIQUE_NAME, REGISTRATION_DATE, EMAIL, PHONE, LOCATION_CODE)
VALUES ('00002', 'María', 'García', '00002', CURRENT_TIMESTAMP, 'maria.garcia@email.com', '3002345678', '0003');

INSERT INTO SOCIAL_UD.SOCIAL_USER (USER_ID, USER_NAME, USER_LAST_NAME, USER_UNIQUE_NAME, REGISTRATION_DATE, EMAIL, PHONE, LOCATION_CODE)
VALUES ('00003', 'Carlos', 'López', '00003', CURRENT_TIMESTAMP, 'carlos.lopez@email.com', '3003456789', '0003');

INSERT INTO SOCIAL_UD.SOCIAL_USER (USER_ID, USER_NAME, USER_LAST_NAME, USER_UNIQUE_NAME, REGISTRATION_DATE, EMAIL, PHONE, LOCATION_CODE)
VALUES ('00004', 'Ana', 'Martínez', '00004', CURRENT_TIMESTAMP, 'ana.martinez@email.com', '3004567890', '0003');

INSERT INTO SOCIAL_UD.SOCIAL_USER (USER_ID, USER_NAME, USER_LAST_NAME, USER_UNIQUE_NAME, REGISTRATION_DATE, EMAIL, PHONE, LOCATION_CODE)
VALUES ('00005', 'Luis', 'Rodríguez', '00005', CURRENT_TIMESTAMP, 'luis.rodriguez@email.com', '3005678901', '0003');

-- Insert friendships
INSERT INTO SOCIAL_UD.USER_FRIENDSHIP (USER_A, USER_B) VALUES ('00001', '00002');
INSERT INTO SOCIAL_UD.USER_FRIENDSHIP (USER_A, USER_B) VALUES ('00001', '00003');
INSERT INTO SOCIAL_UD.USER_FRIENDSHIP (USER_A, USER_B) VALUES ('00002', '00004');
INSERT INTO SOCIAL_UD.USER_FRIENDSHIP (USER_A, USER_B) VALUES ('00003', '00005');
INSERT INTO SOCIAL_UD.USER_FRIENDSHIP (USER_A, USER_B) VALUES ('00001', '00004');

-- Insert sample groups
INSERT INTO SOCIAL_UD.SOCIAL_GROUP (GROUP_ID, CREATOR_USER_ID, GROUP_NAME, REGISTRATION_DATE, GROUP_IMAGE)
VALUES (SOCIAL_UD.GROUP_ID_SEQ.NEXTVAL, '00001', 'Amigos del Trabajo', CURRENT_TIMESTAMP, EMPTY_BLOB());

INSERT INTO SOCIAL_UD.SOCIAL_GROUP (GROUP_ID, CREATOR_USER_ID, GROUP_NAME, REGISTRATION_DATE, GROUP_IMAGE)
VALUES (SOCIAL_UD.GROUP_ID_SEQ.NEXTVAL, '00002', 'Familia', CURRENT_TIMESTAMP, EMPTY_BLOB());

-- Insert group memberships
INSERT INTO SOCIAL_UD.GROUP_MEMBERSHIP (GROUP_ID, USER_ID) VALUES (1, '00001');
INSERT INTO SOCIAL_UD.GROUP_MEMBERSHIP (GROUP_ID, USER_ID) VALUES (1, '00002');
INSERT INTO SOCIAL_UD.GROUP_MEMBERSHIP (GROUP_ID, USER_ID) VALUES (1, '00003');

INSERT INTO SOCIAL_UD.GROUP_MEMBERSHIP (GROUP_ID, USER_ID) VALUES (2, '00002');
INSERT INTO SOCIAL_UD.GROUP_MEMBERSHIP (GROUP_ID, USER_ID) VALUES (2, '00004');
INSERT INTO SOCIAL_UD.GROUP_MEMBERSHIP (GROUP_ID, USER_ID) VALUES (2, '00005');

-- Insert sample messages
INSERT INTO SOCIAL_UD.MESSAGE (MESSAGE_ID, SENDER_USER_ID, RECEIVER_USER_ID, MESSAGE_DATE)
VALUES (SOCIAL_UD.MESSAGE_ID_SEQ.NEXTVAL, '00001', '00002', CURRENT_TIMESTAMP - INTERVAL '1' HOUR);

INSERT INTO SOCIAL_UD.MESSAGE (MESSAGE_ID, SENDER_USER_ID, RECEIVER_USER_ID, MESSAGE_DATE)
VALUES (SOCIAL_UD.MESSAGE_ID_SEQ.NEXTVAL, '00002', '00001', CURRENT_TIMESTAMP - INTERVAL '30' MINUTE);

INSERT INTO SOCIAL_UD.MESSAGE (MESSAGE_ID, SENDER_USER_ID, RECEIVER_USER_ID, MESSAGE_DATE)
VALUES (SOCIAL_UD.MESSAGE_ID_SEQ.NEXTVAL, '00001', '00003', CURRENT_TIMESTAMP - INTERVAL '2' HOUR);

INSERT INTO SOCIAL_UD.MESSAGE (MESSAGE_ID, GROUP_ID, SENDER_USER_ID, RECEIVER_USER_ID, MESSAGE_DATE)
VALUES (SOCIAL_UD.MESSAGE_ID_SEQ.NEXTVAL, 1, '00001', '00001', CURRENT_TIMESTAMP - INTERVAL '45' MINUTE);

INSERT INTO SOCIAL_UD.MESSAGE (MESSAGE_ID, GROUP_ID, SENDER_USER_ID, RECEIVER_USER_ID, MESSAGE_DATE)
VALUES (SOCIAL_UD.MESSAGE_ID_SEQ.NEXTVAL, 1, '00002', '00001', CURRENT_TIMESTAMP - INTERVAL '15' MINUTE);

-- Insert message content
INSERT INTO SOCIAL_UD.CONTENT (MESSAGE_ID, CONTENT_ID, CONTENT_IMAGE, CONTENT_DESCRIPTION, CONTENT_TYPE_ID)
VALUES (1, 1, UTL_RAW.CAST_TO_RAW('Hola María, ¿cómo estás?'), 'Hola María, ¿cómo estás?', '01');

INSERT INTO SOCIAL_UD.CONTENT (MESSAGE_ID, CONTENT_ID, CONTENT_IMAGE, CONTENT_DESCRIPTION, CONTENT_TYPE_ID)
VALUES (2, 1, UTL_RAW.CAST_TO_RAW('Hola Juan, muy bien gracias. ¿Y tú?'), 'Hola Juan, muy bien gracias. ¿Y tú?', '01');

INSERT INTO SOCIAL_UD.CONTENT (MESSAGE_ID, CONTENT_ID, CONTENT_IMAGE, CONTENT_DESCRIPTION, CONTENT_TYPE_ID)
VALUES (3, 1, UTL_RAW.CAST_TO_RAW('Carlos, ¿vamos a tomar algo?'), 'Carlos, ¿vamos a tomar algo?', '01');

INSERT INTO SOCIAL_UD.CONTENT (MESSAGE_ID, CONTENT_ID, CONTENT_IMAGE, CONTENT_DESCRIPTION, CONTENT_TYPE_ID)
VALUES (4, 1, UTL_RAW.CAST_TO_RAW('Hola a todos en el grupo de trabajo'), 'Hola a todos en el grupo de trabajo', '01');

INSERT INTO SOCIAL_UD.CONTENT (MESSAGE_ID, CONTENT_ID, CONTENT_IMAGE, CONTENT_DESCRIPTION, CONTENT_TYPE_ID)
VALUES (5, 1, UTL_RAW.CAST_TO_RAW('Hola Juan, ¿cómo va el proyecto?'), 'Hola Juan, ¿cómo va el proyecto?', '01');

COMMIT; 